{"Routes":[{"DownstreamPathTemplate":"/v1/CreditTransfer/{everything}","UpstreamPathTemplate":"/creditTransfer/v1/CreditTransfer/{everything}","UpstreamHttpMethod":["Get","Post","Put","Delete"],"DownstreamHttpMethod":null,"AddHeadersToRequest":{},"UpstreamHeaderTransform":{},"DownstreamHeaderTransform":{},"AddClaimsToRequest":{},"RouteClaimsRequirement":{},"AddQueriesToRequest":{},"ChangeDownstreamPathTemplate":{},"RequestIdKey":null,"FileCacheOptions":{"TtlSeconds":0,"Region":null},"RouteIsCaseSensitive":false,"ServiceName":null,"ServiceNamespace":null,"DownstreamScheme":"https","QoSOptions":{"ExceptionsAllowedBeforeBreaking":0,"DurationOfBreak":0,"TimeoutValue":0},"LoadBalancerOptions":{"Type":null,"Key":null,"Expiry":0},"RateLimitOptions":{"ClientWhitelist":[],"EnableRateLimiting":false,"Period":null,"PeriodTimespan":0.0,"Limit":0},"AuthenticationOptions":{"AuthenticationProviderKey":null,"AllowedScopes":[]},"HttpHandlerOptions":{"AllowAutoRedirect":false,"UseCookieContainer":false,"UseTracing":false,"UseProxy":true,"MaxConnectionsPerServer":2147483647},"DownstreamHostAndPorts":[{"Host":"13.235.152.22","Port":3443}],"UpstreamHost":null,"Key":null,"DelegatingHandlers":[],"Priority":1,"Timeout":0,"DangerousAcceptAnyServerCertificateValidator":false,"SecurityOptions":{"IPAllowedList":[],"IPBlockedList":[]},"DownstreamHttpVersion":null},{"DownstreamPathTemplate":"/v1/CreditTransfer/","UpstreamPathTemplate":"/creditTransfer/v1/CreditTransfer/","UpstreamHttpMethod":["Get"],"DownstreamHttpMethod":null,"AddHeadersToRequest":{},"UpstreamHeaderTransform":{},"DownstreamHeaderTransform":{},"AddClaimsToRequest":{},"RouteClaimsRequirement":{},"AddQueriesToRequest":{},"ChangeDownstreamPathTemplate":{},"RequestIdKey":null,"FileCacheOptions":{"TtlSeconds":0,"Region":null},"RouteIsCaseSensitive":false,"ServiceName":null,"ServiceNamespace":null,"DownstreamScheme":"https","QoSOptions":{"ExceptionsAllowedBeforeBreaking":0,"DurationOfBreak":0,"TimeoutValue":0},"LoadBalancerOptions":{"Type":null,"Key":null,"Expiry":0},"RateLimitOptions":{"ClientWhitelist":[],"EnableRateLimiting":false,"Period":null,"PeriodTimespan":0.0,"Limit":0},"AuthenticationOptions":{"AuthenticationProviderKey":null,"AllowedScopes":[]},"HttpHandlerOptions":{"AllowAutoRedirect":false,"UseCookieContainer":false,"UseTracing":false,"UseProxy":true,"MaxConnectionsPerServer":2147483647},"DownstreamHostAndPorts":[{"Host":"13.235.152.22","Port":3443}],"UpstreamHost":null,"Key":null,"DelegatingHandlers":[],"Priority":1,"Timeout":0,"DangerousAcceptAnyServerCertificateValidator":false,"SecurityOptions":{"IPAllowedList":[],"IPBlockedList":[]},"DownstreamHttpVersion":null},{"DownstreamPathTemplate":"/v1/CreditTransfer/","UpstreamPathTemplate":"/creditTransfer/v1/CreditTransfer/","UpstreamHttpMethod":["Post"],"DownstreamHttpMethod":null,"AddHeadersToRequest":{},"UpstreamHeaderTransform":{},"DownstreamHeaderTransform":{},"AddClaimsToRequest":{},"RouteClaimsRequirement":{},"AddQueriesToRequest":{},"ChangeDownstreamPathTemplate":{},"RequestIdKey":null,"FileCacheOptions":{"TtlSeconds":0,"Region":null},"RouteIsCaseSensitive":false,"ServiceName":null,"ServiceNamespace":null,"DownstreamScheme":"https","QoSOptions":{"ExceptionsAllowedBeforeBreaking":0,"DurationOfBreak":0,"TimeoutValue":0},"LoadBalancerOptions":{"Type":null,"Key":null,"Expiry":0},"RateLimitOptions":{"ClientWhitelist":[],"EnableRateLimiting":false,"Period":null,"PeriodTimespan":0.0,"Limit":0},"AuthenticationOptions":{"AuthenticationProviderKey":null,"AllowedScopes":[]},"HttpHandlerOptions":{"AllowAutoRedirect":false,"UseCookieContainer":false,"UseTracing":false,"UseProxy":true,"MaxConnectionsPerServer":2147483647},"DownstreamHostAndPorts":[{"Host":"13.235.152.22","Port":3443}],"UpstreamHost":null,"Key":null,"DelegatingHandlers":[],"Priority":1,"Timeout":0,"DangerousAcceptAnyServerCertificateValidator":false,"SecurityOptions":{"IPAllowedList":[],"IPBlockedList":[]},"DownstreamHttpVersion":null},{"DownstreamPathTemplate":"/v1/CreditDropdown/{everything}","UpstreamPathTemplate":"/creditTransfer/v1/CreditDropdown/{everything}","UpstreamHttpMethod":["Get","Post","Put","Delete"],"DownstreamHttpMethod":null,"AddHeadersToRequest":{},"UpstreamHeaderTransform":{},"DownstreamHeaderTransform":{},"AddClaimsToRequest":{},"RouteClaimsRequirement":{},"AddQueriesToRequest":{},"ChangeDownstreamPathTemplate":{},"RequestIdKey":null,"FileCacheOptions":{"TtlSeconds":0,"Region":null},"RouteIsCaseSensitive":false,"ServiceName":null,"ServiceNamespace":null,"DownstreamScheme":"https","QoSOptions":{"ExceptionsAllowedBeforeBreaking":0,"DurationOfBreak":0,"TimeoutValue":0},"LoadBalancerOptions":{"Type":null,"Key":null,"Expiry":0},"RateLimitOptions":{"ClientWhitelist":[],"EnableRateLimiting":false,"Period":null,"PeriodTimespan":0.0,"Limit":0},"AuthenticationOptions":{"AuthenticationProviderKey":null,"AllowedScopes":[]},"HttpHandlerOptions":{"AllowAutoRedirect":false,"UseCookieContainer":false,"UseTracing":false,"UseProxy":true,"MaxConnectionsPerServer":2147483647},"DownstreamHostAndPorts":[{"Host":"13.235.152.22","Port":3443}],"UpstreamHost":null,"Key":null,"DelegatingHandlers":[],"Priority":1,"Timeout":0,"DangerousAcceptAnyServerCertificateValidator":false,"SecurityOptions":{"IPAllowedList":[],"IPBlockedList":[]},"DownstreamHttpVersion":null},{"DownstreamPathTemplate":"/v1/Event/{everything}","UpstreamPathTemplate":"/cxo/v1/event/{everything}","UpstreamHttpMethod":["Get","Post","Put","Delete"],"DownstreamHttpMethod":null,"AddHeadersToRequest":{},"UpstreamHeaderTransform":{},"DownstreamHeaderTransform":{},"AddClaimsToRequest":{},"RouteClaimsRequirement":{},"AddQueriesToRequest":{},"ChangeDownstreamPathTemplate":{},"RequestIdKey":null,"FileCacheOptions":{"TtlSeconds":0,"Region":null},"RouteIsCaseSensitive":false,"ServiceName":null,"ServiceNamespace":null,"DownstreamScheme":"https","QoSOptions":{"ExceptionsAllowedBeforeBreaking":0,"DurationOfBreak":0,"TimeoutValue":0},"LoadBalancerOptions":{"Type":null,"Key":null,"Expiry":0},"RateLimitOptions":{"ClientWhitelist":[],"EnableRateLimiting":false,"Period":null,"PeriodTimespan":0.0,"Limit":0},"AuthenticationOptions":{"AuthenticationProviderKey":null,"AllowedScopes":[]},"HttpHandlerOptions":{"AllowAutoRedirect":false,"UseCookieContainer":false,"UseTracing":false,"UseProxy":true,"MaxConnectionsPerServer":2147483647},"DownstreamHostAndPorts":[{"Host":"13.235.152.22","Port":2443}],"UpstreamHost":null,"Key":null,"DelegatingHandlers":[],"Priority":1,"Timeout":0,"DangerousAcceptAnyServerCertificateValidator":false,"SecurityOptions":{"IPAllowedList":[],"IPBlockedList":[]},"DownstreamHttpVersion":null},{"DownstreamPathTemplate":"/v1/event/","UpstreamPathTemplate":"/cxo/v1/event/","UpstreamHttpMethod":["Get","Put","Post","Delete"],"DownstreamHttpMethod":null,"AddHeadersToRequest":{},"UpstreamHeaderTransform":{},"DownstreamHeaderTransform":{},"AddClaimsToRequest":{},"RouteClaimsRequirement":{},"AddQueriesToRequest":{},"ChangeDownstreamPathTemplate":{},"RequestIdKey":null,"FileCacheOptions":{"TtlSeconds":0,"Region":null},"RouteIsCaseSensitive":false,"ServiceName":null,"ServiceNamespace":null,"DownstreamScheme":"https","QoSOptions":{"ExceptionsAllowedBeforeBreaking":0,"DurationOfBreak":0,"TimeoutValue":0},"LoadBalancerOptions":{"Type":null,"Key":null,"Expiry":0},"RateLimitOptions":{"ClientWhitelist":[],"EnableRateLimiting":false,"Period":null,"PeriodTimespan":0.0,"Limit":0},"AuthenticationOptions":{"AuthenticationProviderKey":null,"AllowedScopes":[]},"HttpHandlerOptions":{"AllowAutoRedirect":false,"UseCookieContainer":false,"UseTracing":false,"UseProxy":true,"MaxConnectionsPerServer":2147483647},"DownstreamHostAndPorts":[{"Host":"13.235.152.22","Port":2443}],"UpstreamHost":null,"Key":null,"DelegatingHandlers":[],"Priority":1,"Timeout":0,"DangerousAcceptAnyServerCertificateValidator":false,"SecurityOptions":{"IPAllowedList":[],"IPBlockedList":[]},"DownstreamHttpVersion":null},{"DownstreamPathTemplate":"/v1/profile/{everything}","UpstreamPathTemplate":"/cxo/v1/profile/{everything}","UpstreamHttpMethod":["Get","Post","Put","Delete"],"DownstreamHttpMethod":null,"AddHeadersToRequest":{},"UpstreamHeaderTransform":{},"DownstreamHeaderTransform":{},"AddClaimsToRequest":{},"RouteClaimsRequirement":{},"AddQueriesToRequest":{},"ChangeDownstreamPathTemplate":{},"RequestIdKey":null,"FileCacheOptions":{"TtlSeconds":0,"Region":null},"RouteIsCaseSensitive":false,"ServiceName":null,"ServiceNamespace":null,"DownstreamScheme":"https","QoSOptions":{"ExceptionsAllowedBeforeBreaking":0,"DurationOfBreak":0,"TimeoutValue":0},"LoadBalancerOptions":{"Type":null,"Key":null,"Expiry":0},"RateLimitOptions":{"ClientWhitelist":[],"EnableRateLimiting":false,"Period":null,"PeriodTimespan":0.0,"Limit":0},"AuthenticationOptions":{"AuthenticationProviderKey":null,"AllowedScopes":[]},"HttpHandlerOptions":{"AllowAutoRedirect":false,"UseCookieContainer":false,"UseTracing":false,"UseProxy":true,"MaxConnectionsPerServer":2147483647},"DownstreamHostAndPorts":[{"Host":"13.235.152.22","Port":2443}],"UpstreamHost":null,"Key":null,"DelegatingHandlers":[],"Priority":1,"Timeout":0,"DangerousAcceptAnyServerCertificateValidator":false,"SecurityOptions":{"IPAllowedList":[],"IPBlockedList":[]},"DownstreamHttpVersion":null},{"DownstreamPathTemplate":"/v1/Publication/{everything}","UpstreamPathTemplate":"/cxo/v1/publication/{everything}","UpstreamHttpMethod":["Get","Post","Put","Delete"],"DownstreamHttpMethod":null,"AddHeadersToRequest":{},"UpstreamHeaderTransform":{},"DownstreamHeaderTransform":{},"AddClaimsToRequest":{},"RouteClaimsRequirement":{},"AddQueriesToRequest":{},"ChangeDownstreamPathTemplate":{},"RequestIdKey":null,"FileCacheOptions":{"TtlSeconds":0,"Region":null},"RouteIsCaseSensitive":false,"ServiceName":null,"ServiceNamespace":null,"DownstreamScheme":"https","QoSOptions":{"ExceptionsAllowedBeforeBreaking":0,"DurationOfBreak":0,"TimeoutValue":0},"LoadBalancerOptions":{"Type":null,"Key":null,"Expiry":0},"RateLimitOptions":{"ClientWhitelist":[],"EnableRateLimiting":false,"Period":null,"PeriodTimespan":0.0,"Limit":0},"AuthenticationOptions":{"AuthenticationProviderKey":null,"AllowedScopes":[]},"HttpHandlerOptions":{"AllowAutoRedirect":false,"UseCookieContainer":false,"UseTracing":false,"UseProxy":true,"MaxConnectionsPerServer":2147483647},"DownstreamHostAndPorts":[{"Host":"13.235.152.22","Port":2443}],"UpstreamHost":null,"Key":null,"DelegatingHandlers":[],"Priority":1,"Timeout":0,"DangerousAcceptAnyServerCertificateValidator":false,"SecurityOptions":{"IPAllowedList":[],"IPBlockedList":[]},"DownstreamHttpVersion":null},{"DownstreamPathTemplate":"/v1/internship/{everything}","UpstreamPathTemplate":"/internship/v1/internship/{everything}","UpstreamHttpMethod":["Get","Post","Put","Delete"],"DownstreamHttpMethod":null,"AddHeadersToRequest":{},"UpstreamHeaderTransform":{},"DownstreamHeaderTransform":{},"AddClaimsToRequest":{},"RouteClaimsRequirement":{},"AddQueriesToRequest":{},"ChangeDownstreamPathTemplate":{},"RequestIdKey":null,"FileCacheOptions":{"TtlSeconds":0,"Region":null},"RouteIsCaseSensitive":false,"ServiceName":null,"ServiceNamespace":null,"DownstreamScheme":"https","QoSOptions":{"ExceptionsAllowedBeforeBreaking":0,"DurationOfBreak":0,"TimeoutValue":0},"LoadBalancerOptions":{"Type":null,"Key":null,"Expiry":0},"RateLimitOptions":{"ClientWhitelist":[],"EnableRateLimiting":false,"Period":null,"PeriodTimespan":0.0,"Limit":0},"AuthenticationOptions":{"AuthenticationProviderKey":null,"AllowedScopes":[]},"HttpHandlerOptions":{"AllowAutoRedirect":false,"UseCookieContainer":false,"UseTracing":false,"UseProxy":true,"MaxConnectionsPerServer":2147483647},"DownstreamHostAndPorts":[{"Host":"localhost","Port":44306}],"UpstreamHost":null,"Key":null,"DelegatingHandlers":[],"Priority":1,"Timeout":0,"DangerousAcceptAnyServerCertificateValidator":false,"SecurityOptions":{"IPAllowedList":[],"IPBlockedList":[]},"DownstreamHttpVersion":null},{"DownstreamPathTemplate":"/v1/internship/","UpstreamPathTemplate":"/internship/v1/internship/","UpstreamHttpMethod":["Get"],"DownstreamHttpMethod":null,"AddHeadersToRequest":{},"UpstreamHeaderTransform":{},"DownstreamHeaderTransform":{},"AddClaimsToRequest":{},"RouteClaimsRequirement":{},"AddQueriesToRequest":{},"ChangeDownstreamPathTemplate":{},"RequestIdKey":null,"FileCacheOptions":{"TtlSeconds":0,"Region":null},"RouteIsCaseSensitive":false,"ServiceName":null,"ServiceNamespace":null,"DownstreamScheme":"https","QoSOptions":{"ExceptionsAllowedBeforeBreaking":0,"DurationOfBreak":0,"TimeoutValue":0},"LoadBalancerOptions":{"Type":null,"Key":null,"Expiry":0},"RateLimitOptions":{"ClientWhitelist":[],"EnableRateLimiting":false,"Period":null,"PeriodTimespan":0.0,"Limit":0},"AuthenticationOptions":{"AuthenticationProviderKey":null,"AllowedScopes":[]},"HttpHandlerOptions":{"AllowAutoRedirect":false,"UseCookieContainer":false,"UseTracing":false,"UseProxy":true,"MaxConnectionsPerServer":2147483647},"DownstreamHostAndPorts":[{"Host":"localhost","Port":44306}],"UpstreamHost":null,"Key":null,"DelegatingHandlers":[],"Priority":1,"Timeout":0,"DangerousAcceptAnyServerCertificateValidator":false,"SecurityOptions":{"IPAllowedList":[],"IPBlockedList":[]},"DownstreamHttpVersion":null},{"DownstreamPathTemplate":"/v1/internshipdropdown/{everything}","UpstreamPathTemplate":"/internship/v1/internshipdropdown/{everything}","UpstreamHttpMethod":["Get","Post","Put","Delete"],"DownstreamHttpMethod":null,"AddHeadersToRequest":{},"UpstreamHeaderTransform":{},"DownstreamHeaderTransform":{},"AddClaimsToRequest":{},"RouteClaimsRequirement":{},"AddQueriesToRequest":{},"ChangeDownstreamPathTemplate":{},"RequestIdKey":null,"FileCacheOptions":{"TtlSeconds":0,"Region":null},"RouteIsCaseSensitive":false,"ServiceName":null,"ServiceNamespace":null,"DownstreamScheme":"https","QoSOptions":{"ExceptionsAllowedBeforeBreaking":0,"DurationOfBreak":0,"TimeoutValue":0},"LoadBalancerOptions":{"Type":null,"Key":null,"Expiry":0},"RateLimitOptions":{"ClientWhitelist":[],"EnableRateLimiting":false,"Period":null,"PeriodTimespan":0.0,"Limit":0},"AuthenticationOptions":{"AuthenticationProviderKey":null,"AllowedScopes":[]},"HttpHandlerOptions":{"AllowAutoRedirect":false,"UseCookieContainer":false,"UseTracing":false,"UseProxy":true,"MaxConnectionsPerServer":2147483647},"DownstreamHostAndPorts":[{"Host":"localhost","Port":44306}],"UpstreamHost":null,"Key":null,"DelegatingHandlers":[],"Priority":1,"Timeout":0,"DangerousAcceptAnyServerCertificateValidator":false,"SecurityOptions":{"IPAllowedList":[],"IPBlockedList":[]},"DownstreamHttpVersion":null},{"DownstreamPathTemplate":"/v1/mediacenter/{everything}","UpstreamPathTemplate":"/mediacenter/v1/mediacenter/{everything}","UpstreamHttpMethod":["Get","Post","Put","Delete"],"DownstreamHttpMethod":null,"AddHeadersToRequest":{},"UpstreamHeaderTransform":{},"DownstreamHeaderTransform":{},"AddClaimsToRequest":{},"RouteClaimsRequirement":{},"AddQueriesToRequest":{},"ChangeDownstreamPathTemplate":{},"RequestIdKey":null,"FileCacheOptions":{"TtlSeconds":0,"Region":null},"RouteIsCaseSensitive":false,"ServiceName":null,"ServiceNamespace":null,"DownstreamScheme":"https","QoSOptions":{"ExceptionsAllowedBeforeBreaking":0,"DurationOfBreak":0,"TimeoutValue":0},"LoadBalancerOptions":{"Type":null,"Key":null,"Expiry":0},"RateLimitOptions":{"ClientWhitelist":[],"EnableRateLimiting":false,"Period":null,"PeriodTimespan":0.0,"Limit":0},"AuthenticationOptions":{"AuthenticationProviderKey":null,"AllowedScopes":[]},"HttpHandlerOptions":{"AllowAutoRedirect":false,"UseCookieContainer":false,"UseTracing":false,"UseProxy":true,"MaxConnectionsPerServer":2147483647},"DownstreamHostAndPorts":[{"Host":"13.235.152.22","Port":6443}],"UpstreamHost":null,"Key":null,"DelegatingHandlers":[],"Priority":1,"Timeout":0,"DangerousAcceptAnyServerCertificateValidator":false,"SecurityOptions":{"IPAllowedList":[],"IPBlockedList":[]},"DownstreamHttpVersion":null},{"DownstreamPathTemplate":"/v1/scholarship/{everything}","UpstreamPathTemplate":"/scholarship/v1/scholarship/{everything}","UpstreamHttpMethod":["Get","Post","Put","Delete"],"DownstreamHttpMethod":null,"AddHeadersToRequest":{},"UpstreamHeaderTransform":{},"DownstreamHeaderTransform":{},"AddClaimsToRequest":{},"RouteClaimsRequirement":{},"AddQueriesToRequest":{},"ChangeDownstreamPathTemplate":{},"RequestIdKey":null,"FileCacheOptions":{"TtlSeconds":0,"Region":null},"RouteIsCaseSensitive":false,"ServiceName":null,"ServiceNamespace":null,"DownstreamScheme":"https","QoSOptions":{"ExceptionsAllowedBeforeBreaking":0,"DurationOfBreak":0,"TimeoutValue":0},"LoadBalancerOptions":{"Type":null,"Key":null,"Expiry":0},"RateLimitOptions":{"ClientWhitelist":[],"EnableRateLimiting":false,"Period":null,"PeriodTimespan":0.0,"Limit":0},"AuthenticationOptions":{"AuthenticationProviderKey":null,"AllowedScopes":[]},"HttpHandlerOptions":{"AllowAutoRedirect":false,"UseCookieContainer":false,"UseTracing":false,"UseProxy":true,"MaxConnectionsPerServer":2147483647},"DownstreamHostAndPorts":[{"Host":"13.235.152.22","Port":4443}],"UpstreamHost":null,"Key":null,"DelegatingHandlers":[],"Priority":1,"Timeout":0,"DangerousAcceptAnyServerCertificateValidator":false,"SecurityOptions":{"IPAllowedList":[],"IPBlockedList":[]},"DownstreamHttpVersion":null},{"DownstreamPathTemplate":"/v1/scholarship/","UpstreamPathTemplate":"/scholarship/v1/scholarship/","UpstreamHttpMethod":["Get"],"DownstreamHttpMethod":null,"AddHeadersToRequest":{},"UpstreamHeaderTransform":{},"DownstreamHeaderTransform":{},"AddClaimsToRequest":{},"RouteClaimsRequirement":{},"AddQueriesToRequest":{},"ChangeDownstreamPathTemplate":{},"RequestIdKey":null,"FileCacheOptions":{"TtlSeconds":0,"Region":null},"RouteIsCaseSensitive":false,"ServiceName":null,"ServiceNamespace":null,"DownstreamScheme":"https","QoSOptions":{"ExceptionsAllowedBeforeBreaking":0,"DurationOfBreak":0,"TimeoutValue":0},"LoadBalancerOptions":{"Type":null,"Key":null,"Expiry":0},"RateLimitOptions":{"ClientWhitelist":[],"EnableRateLimiting":false,"Period":null,"PeriodTimespan":0.0,"Limit":0},"AuthenticationOptions":{"AuthenticationProviderKey":null,"AllowedScopes":[]},"HttpHandlerOptions":{"AllowAutoRedirect":false,"UseCookieContainer":false,"UseTracing":false,"UseProxy":true,"MaxConnectionsPerServer":2147483647},"DownstreamHostAndPorts":[{"Host":"13.235.152.22","Port":4443}],"UpstreamHost":null,"Key":null,"DelegatingHandlers":[],"Priority":1,"Timeout":0,"DangerousAcceptAnyServerCertificateValidator":false,"SecurityOptions":{"IPAllowedList":[],"IPBlockedList":[]},"DownstreamHttpVersion":null},{"DownstreamPathTemplate":"/v1/dropdown/{everything}","UpstreamPathTemplate":"/scholarship/v1/dropdown/{everything}","UpstreamHttpMethod":["Get","Post","Put","Delete"],"DownstreamHttpMethod":null,"AddHeadersToRequest":{},"UpstreamHeaderTransform":{},"DownstreamHeaderTransform":{},"AddClaimsToRequest":{},"RouteClaimsRequirement":{},"AddQueriesToRequest":{},"ChangeDownstreamPathTemplate":{},"RequestIdKey":null,"FileCacheOptions":{"TtlSeconds":0,"Region":null},"RouteIsCaseSensitive":false,"ServiceName":null,"ServiceNamespace":null,"DownstreamScheme":"https","QoSOptions":{"ExceptionsAllowedBeforeBreaking":0,"DurationOfBreak":0,"TimeoutValue":0},"LoadBalancerOptions":{"Type":null,"Key":null,"Expiry":0},"RateLimitOptions":{"ClientWhitelist":[],"EnableRateLimiting":false,"Period":null,"PeriodTimespan":0.0,"Limit":0},"AuthenticationOptions":{"AuthenticationProviderKey":null,"AllowedScopes":[]},"HttpHandlerOptions":{"AllowAutoRedirect":false,"UseCookieContainer":false,"UseTracing":false,"UseProxy":true,"MaxConnectionsPerServer":2147483647},"DownstreamHostAndPorts":[{"Host":"13.235.152.22","Port":4443}],"UpstreamHost":null,"Key":null,"DelegatingHandlers":[],"Priority":1,"Timeout":0,"DangerousAcceptAnyServerCertificateValidator":false,"SecurityOptions":{"IPAllowedList":[],"IPBlockedList":[]},"DownstreamHttpVersion":null},{"DownstreamPathTemplate":"/v1/studentprofile/{everything}","UpstreamPathTemplate":"/academics/v1/studentprofile/{everything}","UpstreamHttpMethod":["Get","Post","Put","Delete"],"DownstreamHttpMethod":null,"AddHeadersToRequest":{},"UpstreamHeaderTransform":{},"DownstreamHeaderTransform":{},"AddClaimsToRequest":{},"RouteClaimsRequirement":{},"AddQueriesToRequest":{},"ChangeDownstreamPathTemplate":{},"RequestIdKey":null,"FileCacheOptions":{"TtlSeconds":0,"Region":null},"RouteIsCaseSensitive":false,"ServiceName":null,"ServiceNamespace":null,"DownstreamScheme":"https","QoSOptions":{"ExceptionsAllowedBeforeBreaking":0,"DurationOfBreak":0,"TimeoutValue":0},"LoadBalancerOptions":{"Type":null,"Key":null,"Expiry":0},"RateLimitOptions":{"ClientWhitelist":[],"EnableRateLimiting":false,"Period":null,"PeriodTimespan":0.0,"Limit":0},"AuthenticationOptions":{"AuthenticationProviderKey":null,"AllowedScopes":[]},"HttpHandlerOptions":{"AllowAutoRedirect":false,"UseCookieContainer":false,"UseTracing":false,"UseProxy":true,"MaxConnectionsPerServer":2147483647},"DownstreamHostAndPorts":[{"Host":"localhost","Port":7443}],"UpstreamHost":null,"Key":null,"DelegatingHandlers":[],"Priority":1,"Timeout":0,"DangerousAcceptAnyServerCertificateValidator":false,"SecurityOptions":{"IPAllowedList":[],"IPBlockedList":[]},"DownstreamHttpVersion":null},{"DownstreamPathTemplate":"/v1/dropdownDetails/{everything}","UpstreamPathTemplate":"/academics/v1/dropdownDetails/{everything}","UpstreamHttpMethod":["Get","Post","Put","Delete"],"DownstreamHttpMethod":null,"AddHeadersToRequest":{},"UpstreamHeaderTransform":{},"DownstreamHeaderTransform":{},"AddClaimsToRequest":{},"RouteClaimsRequirement":{},"AddQueriesToRequest":{},"ChangeDownstreamPathTemplate":{},"RequestIdKey":null,"FileCacheOptions":{"TtlSeconds":0,"Region":null},"RouteIsCaseSensitive":false,"ServiceName":null,"ServiceNamespace":null,"DownstreamScheme":"https","QoSOptions":{"ExceptionsAllowedBeforeBreaking":0,"DurationOfBreak":0,"TimeoutValue":0},"LoadBalancerOptions":{"Type":null,"Key":null,"Expiry":0},"RateLimitOptions":{"ClientWhitelist":[],"EnableRateLimiting":false,"Period":null,"PeriodTimespan":0.0,"Limit":0},"AuthenticationOptions":{"AuthenticationProviderKey":null,"AllowedScopes":[]},"HttpHandlerOptions":{"AllowAutoRedirect":false,"UseCookieContainer":false,"UseTracing":false,"UseProxy":true,"MaxConnectionsPerServer":2147483647},"DownstreamHostAndPorts":[{"Host":"13.235.152.22","Port":7443}],"UpstreamHost":null,"Key":null,"DelegatingHandlers":[],"Priority":1,"Timeout":0,"DangerousAcceptAnyServerCertificateValidator":false,"SecurityOptions":{"IPAllowedList":[],"IPBlockedList":[]},"DownstreamHttpVersion":null},{"DownstreamPathTemplate":"/v1/Accomplishment/{everything}","UpstreamPathTemplate":"/academics/v1/accomplishment/{everything}","UpstreamHttpMethod":["Get","Post","Put","Delete"],"DownstreamHttpMethod":null,"AddHeadersToRequest":{},"UpstreamHeaderTransform":{},"DownstreamHeaderTransform":{},"AddClaimsToRequest":{},"RouteClaimsRequirement":{},"AddQueriesToRequest":{},"ChangeDownstreamPathTemplate":{},"RequestIdKey":null,"FileCacheOptions":{"TtlSeconds":0,"Region":null},"RouteIsCaseSensitive":false,"ServiceName":null,"ServiceNamespace":null,"DownstreamScheme":"https","QoSOptions":{"ExceptionsAllowedBeforeBreaking":0,"DurationOfBreak":0,"TimeoutValue":0},"LoadBalancerOptions":{"Type":null,"Key":null,"Expiry":0},"RateLimitOptions":{"ClientWhitelist":[],"EnableRateLimiting":false,"Period":null,"PeriodTimespan":0.0,"Limit":0},"AuthenticationOptions":{"AuthenticationProviderKey":null,"AllowedScopes":[]},"HttpHandlerOptions":{"AllowAutoRedirect":false,"UseCookieContainer":false,"UseTracing":false,"UseProxy":true,"MaxConnectionsPerServer":2147483647},"DownstreamHostAndPorts":[{"Host":"13.235.152.22","Port":7443}],"UpstreamHost":null,"Key":null,"DelegatingHandlers":[],"Priority":1,"Timeout":0,"DangerousAcceptAnyServerCertificateValidator":false,"SecurityOptions":{"IPAllowedList":[],"IPBlockedList":[]},"DownstreamHttpVersion":null},{"DownstreamPathTemplate":"/v1/Document/{everything}","UpstreamPathTemplate":"/academics/v1/document/{everything}","UpstreamHttpMethod":["Get","Post","Put","Delete"],"DownstreamHttpMethod":null,"AddHeadersToRequest":{},"UpstreamHeaderTransform":{},"DownstreamHeaderTransform":{},"AddClaimsToRequest":{},"RouteClaimsRequirement":{},"AddQueriesToRequest":{},"ChangeDownstreamPathTemplate":{},"RequestIdKey":null,"FileCacheOptions":{"TtlSeconds":0,"Region":null},"RouteIsCaseSensitive":false,"ServiceName":null,"ServiceNamespace":null,"DownstreamScheme":"https","QoSOptions":{"ExceptionsAllowedBeforeBreaking":0,"DurationOfBreak":0,"TimeoutValue":0},"LoadBalancerOptions":{"Type":null,"Key":null,"Expiry":0},"RateLimitOptions":{"ClientWhitelist":[],"EnableRateLimiting":false,"Period":null,"PeriodTimespan":0.0,"Limit":0},"AuthenticationOptions":{"AuthenticationProviderKey":null,"AllowedScopes":[]},"HttpHandlerOptions":{"AllowAutoRedirect":false,"UseCookieContainer":false,"UseTracing":false,"UseProxy":true,"MaxConnectionsPerServer":2147483647},"DownstreamHostAndPorts":[{"Host":"13.235.152.22","Port":7443}],"UpstreamHost":null,"Key":null,"DelegatingHandlers":[],"Priority":1,"Timeout":0,"DangerousAcceptAnyServerCertificateValidator":false,"SecurityOptions":{"IPAllowedList":[],"IPBlockedList":[]},"DownstreamHttpVersion":null}],"DynamicRoutes":[],"Aggregates":[],"GlobalConfiguration":{"RequestIdKey":null,"ServiceDiscoveryProvider":{"Scheme":null,"Host":null,"Port":0,"Type":null,"Token":null,"ConfigurationKey":null,"PollingInterval":0,"Namespace":null},"RateLimitOptions":{"ClientIdHeader":"ClientId","QuotaExceededMessage":null,"RateLimitCounterPrefix":"ocelot","DisableRateLimitHeaders":false,"HttpStatusCode":429},"QoSOptions":{"ExceptionsAllowedBeforeBreaking":0,"DurationOfBreak":0,"TimeoutValue":0},"BaseUrl":null,"LoadBalancerOptions":{"Type":null,"Key":null,"Expiry":0},"DownstreamScheme":null,"HttpHandlerOptions":{"AllowAutoRedirect":false,"UseCookieContainer":false,"UseTracing":false,"UseProxy":true,"MaxConnectionsPerServer":2147483647},"DownstreamHttpVersion":null}}