{
  "Routes": [
    // internship Service Route
    {
      "DownstreamPathTemplate": "/v1/internship/{everything}",
      "DownstreamScheme": "https",
      "DownstreamHostAndPorts": [
        {
          "Host": "localhost",
          "Port": 44306
        }
      ],
      "UpstreamPathTemplate": "/internship/v1/internship/{everything}",
      "UpstreamHttpMethod": [ "Get", "Post", "Put", "Delete" ]
    },
    {
      "DownstreamPathTemplate": "/v1/internship/",
      "DownstreamScheme": "https",
      "DownstreamHostAndPorts": [
        {
          "Host": "localhost",
          "Port": 44306
        }
      ],
      "UpstreamPathTemplate": "/internship/v1/internship/",
      "UpstreamHttpMethod": [ "Get" ]
    },

    {
      "DownstreamPathTemplate": "/v1/internshipdropdown/{everything}",
      "DownstreamScheme": "https",
      "DownstreamHostAndPorts": [
        {
          "Host": "localhost",
          "Port": 44306
        }
      ],
      "UpstreamPathTemplate": "/internship/v1/internshipdropdown/{everything}",
      "UpstreamHttpMethod": [ "Get", "Post", "Put", "Delete" ]
    }
  ],
  "GlobalConfiguration": {
    //"RequestIdKey": "OcRequestId",
    //"AdministrationPath": "/administration",

  }
}