{
  "Routes": [
    // StudentProfile Service Route
    {
      "DownstreamPathTemplate": "/v1/studentprofile/{everything}",
      "DownstreamScheme": "https",
      "DownstreamHostAndPorts": [
        {
          "Host": "localhost",
          "Port": 7443
        }
      ],
      "UpstreamPathTemplate": "/academics/v1/studentprofile/{everything}",
      "UpstreamHttpMethod": [ "Get", "Post", "Put", "Delete" ]

    },
    {
      "DownstreamPathTemplate": "/v1/dropdownDetails/{everything}",
      "DownstreamScheme": "https",
      "DownstreamHostAndPorts": [
        {
          "Host": "13.235.152.22",
          "Port": 7443
        }
      ],
      "UpstreamPathTemplate": "/academics/v1/dropdownDetails/{everything}",
      "UpstreamHttpMethod": [ "Get", "Post", "Put", "Delete" ]
    },
    {
      "DownstreamPathTemplate": "/v1/Accomplishment/{everything}",
      "DownstreamScheme": "https",
      "DownstreamHostAndPorts": [
        {
          "Host": "13.235.152.22",
          "Port": 7443
        }
      ],
      "UpstreamPathTemplate": "/academics/v1/accomplishment/{everything}",
      "UpstreamHttpMethod": [ "Get", "Post", "Put", "Delete" ]
    },
    {
      "DownstreamPathTemplate": "/v1/Document/{everything}",
      "DownstreamScheme": "https",
      "DownstreamHostAndPorts": [
        {
          "Host": "13.235.152.22",
          "Port": 7443
        }
      ],
      "UpstreamPathTemplate": "/academics/v1/document/{everything}",
      "UpstreamHttpMethod": [ "Get", "Post", "Put", "Delete" ]
    }
  ],
  "GlobalConfiguration": {
    //"RequestIdKey": "OcRequestId",
    //"AdministrationPath": "/administration",

  }
}
