{
  "Routes": [
    // CreditTransfer Service Route
    {
      "DownstreamPathTemplate": "/v1/CreditTransfer/{everything}",
      "DownstreamScheme": "https",
      "DownstreamHostAndPorts": [
        {
          "Host": "13.235.152.22",
          "Port": 3443
        }
      ],
      "UpstreamPathTemplate": "/creditTransfer/v1/CreditTransfer/{everything}",
      "UpstreamHttpMethod": [ "Get", "Post", "Put", "Delete" ]

    },
    {
      "DownstreamPathTemplate": "/v1/CreditTransfer/",
      "DownstreamScheme": "https",
      "DownstreamHostAndPorts": [
        {
          "Host": "13.235.152.22",
          "Port": 3443
        }
      ],
      "UpstreamPathTemplate": "/creditTransfer/v1/CreditTransfer/",
      "UpstreamHttpMethod": [ "Get" ]

    },
    {
      "DownstreamPathTemplate": "/v1/CreditTransfer/",
      "DownstreamScheme": "https",
      "DownstreamHostAndPorts": [
        {
          "Host": "13.235.152.22",
          "Port": 3443
        }
      ],
      "UpstreamPathTemplate": "/creditTransfer/v1/CreditTransfer/",
      "UpstreamHttpMethod": [ "Post" ]

    },
    {
      "DownstreamPathTemplate": "/v1/CreditDropdown/{everything}",
      "DownstreamScheme": "https",
      "DownstreamHostAndPorts": [
        {
          "Host": "13.235.152.22",
          "Port": 3443
        }
      ],
      "UpstreamPathTemplate": "/creditTransfer/v1/CreditDropdown/{everything}",
      "UpstreamHttpMethod": [ "Get", "Post", "Put", "Delete" ]

    }
  ],
  "GlobalConfiguration": {
    //"RequestIdKey": "OcRequestId",
    //"AdministrationPath": "/administration",

  }
}
