{
  "Routes": [
    // CXO Service Route
    {
      "DownstreamPathTemplate": "/v1/Event/{everything}",
      "DownstreamScheme": "https",
      "DownstreamHostAndPorts": [
        {
          "Host": "13.235.152.22",
          "Port": 2443
        }
      ],
      "UpstreamPathTemplate": "/cxo/v1/event/{everything}",
      "UpstreamHttpMethod": [ "Get", "Post", "Put", "Delete" ]

    },
    {
      "DownstreamPathTemplate": "/v1/event/",
      "DownstreamScheme": "https",
      "DownstreamHostAndPorts": [
        {
          "Host": "13.235.152.22",
          "Port": 2443
        }
      ],
      "UpstreamPathTemplate": "/cxo/v1/event/",
      "UpstreamHttpMethod": [ "Get", "Put", "Post", "Delete" ]
    },


    {
      "DownstreamPathTemplate": "/v1/profile/{everything}",
      "DownstreamScheme": "https",
      "DownstreamHostAndPorts": [
        {
          "Host": "13.235.152.22",
          "Port": 2443
        }
      ],
      "UpstreamPathTemplate": "/cxo/v1/profile/{everything}",
      "UpstreamHttpMethod": [ "Get", "Post", "Put", "Delete" ]
    },
    {
      "DownstreamPathTemplate": "/v1/Publication/{everything}",
      "DownstreamScheme": "https",
      "DownstreamHostAndPorts": [
        {
          "Host": "13.235.152.22",
          "Port": 2443
        }
      ],
      "UpstreamPathTemplate": "/cxo/v1/publication/{everything}",
      "UpstreamHttpMethod": [ "Get", "Post", "Put", "Delete" ]
    }
  ],
  "GlobalConfiguration": {
    //"RequestIdKey": "OcRequestId",
    //"AdministrationPath": "/administration",

  }
}
