{
  "Routes": [
    // Media Center Service Route
    {
      "DownstreamPathTemplate": "/v1/mediacenter/{everything}",
      "DownstreamScheme": "https",
      "DownstreamHostAndPorts": [
        {
          "Host": "13.235.152.22",
          "Port": 6443
        }
      ],
      "UpstreamPathTemplate": "/mediacenter/v1/mediacenter/{everything}",
      "UpstreamHttpMethod": [ "Get", "Post", "Put", "Delete" ]
    }
  ],
  "GlobalConfiguration": {
    //"RequestIdKey": "OcRequestId",
    //"AdministrationPath": "/administration",
  }
}