{
  "Routes": [
    // scholarship Service Route
    {
      "DownstreamPathTemplate": "/v1/scholarship/{everything}",
      "DownstreamScheme": "https",
      "DownstreamHostAndPorts": [
        {
          "Host": "13.235.152.22",
          "Port": 4443
        }
      ],
      "UpstreamPathTemplate": "/scholarship/v1/scholarship/{everything}",
      "UpstreamHttpMethod": [ "Get", "Post", "Put", "Delete" ]
    },
    {
      "DownstreamPathTemplate": "/v1/scholarship/",
      "DownstreamScheme": "https",
      "DownstreamHostAndPorts": [
        {
          "Host": "13.235.152.22",
          "Port": 4443
        }
      ],
      "UpstreamPathTemplate": "/scholarship/v1/scholarship/",
      "UpstreamHttpMethod": [ "Get"]
    },

    {
      "DownstreamPathTemplate": "/v1/dropdown/{everything}",
      "DownstreamScheme": "https",
      "DownstreamHostAndPorts": [
        {
          "Host": "13.235.152.22",
          "Port": 4443
        }
      ],
      "UpstreamPathTemplate": "/scholarship/v1/dropdown/{everything}",
      "UpstreamHttpMethod": [ "Get", "Post", "Put", "Delete" ]
    }
  ],
  "GlobalConfiguration": {
    //"RequestIdKey": "OcRequestId",
    //"AdministrationPath": "/administration",

  }
}
